parcel,network
LH_Vis_1,Vis
LH_Vis_2,Vis
LH_Vis_3,Vis
LH_Vis_4,Vis
LH_Vis_5,Vis
LH_Vis_6,Vis
LH_Vis_7,Vis
LH_Vis_8,Vis
LH_Vis_9,Vis
LH_Vis_10,Vis
LH_Vis_11,Vis
LH_Vis_12,Vis
LH_Vis_13,Vis
LH_Vis_14,Vis
LH_Vis_15,Vis
LH_Vis_16,Vis
LH_Vis_17,Vis
LH_Vis_18,Vis
LH_Vis_19,Vis
LH_Vis_20,Vis
LH_Vis_21,Vis
LH_Vis_22,Vis
LH_Vis_23,Vis
LH_Vis_24,Vis
LH_Vis_25,Vis
LH_Vis_26,Vis
LH_Vis_27,Vis
LH_Vis_28,Vis
LH_Vis_29,Vis
LH_Vis_30,Vis
LH_Vis_31,Vis
LH_SomMot_1,SomMot
LH_SomMot_2,SomMot
LH_SomMot_3,SomMot
LH_SomMot_4,SomMot
LH_SomMot_5,SomMot
LH_SomMot_6,SomMot
LH_SomMot_7,SomMot
LH_SomMot_8,SomMot
LH_SomMot_9,SomMot
LH_SomMot_10,SomMot
LH_SomMot_11,SomMot
LH_SomMot_12,SomMot
LH_SomMot_13,SomMot
LH_SomMot_14,SomMot
LH_SomMot_15,SomMot
LH_SomMot_16,SomMot
LH_SomMot_17,SomMot
LH_SomMot_18,SomMot
LH_SomMot_19,SomMot
LH_SomMot_20,SomMot
LH_SomMot_21,SomMot
LH_SomMot_22,SomMot
LH_SomMot_23,SomMot
LH_SomMot_24,SomMot
LH_SomMot_25,SomMot
LH_SomMot_26,SomMot
LH_SomMot_27,SomMot
LH_SomMot_28,SomMot
LH_SomMot_29,SomMot
LH_SomMot_30,SomMot
LH_SomMot_31,SomMot
LH_SomMot_32,SomMot
LH_SomMot_33,SomMot
LH_SomMot_34,SomMot
LH_SomMot_35,SomMot
LH_SomMot_36,SomMot
LH_SomMot_37,SomMot
LH_DorsAttn_Post_1,DorsAttn
LH_DorsAttn_Post_2,DorsAttn
LH_DorsAttn_Post_3,DorsAttn
LH_DorsAttn_Post_4,DorsAttn
LH_DorsAttn_Post_5,DorsAttn
LH_DorsAttn_Post_6,DorsAttn
LH_DorsAttn_Post_7,DorsAttn
LH_DorsAttn_Post_8,DorsAttn
LH_DorsAttn_Post_9,DorsAttn
LH_DorsAttn_Post_10,DorsAttn
LH_DorsAttn_Post_11,DorsAttn
LH_DorsAttn_Post_12,DorsAttn
LH_DorsAttn_Post_13,DorsAttn
LH_DorsAttn_Post_14,DorsAttn
LH_DorsAttn_Post_15,DorsAttn
LH_DorsAttn_Post_16,DorsAttn
LH_DorsAttn_Post_17,DorsAttn
LH_DorsAttn_FEF_1,DorsAttn
LH_DorsAttn_FEF_2,DorsAttn
LH_DorsAttn_FEF_3,DorsAttn
LH_DorsAttn_FEF_4,DorsAttn
LH_DorsAttn_PrCv_1,DorsAttn
LH_DorsAttn_PrCv_2,DorsAttn
LH_SalVentAttn_ParOper_1,SalVentAttn
LH_SalVentAttn_ParOper_2,SalVentAttn
LH_SalVentAttn_ParOper_3,SalVentAttn
LH_SalVentAttn_ParOper_4,SalVentAttn
LH_SalVentAttn_TempOcc_1,SalVentAttn
LH_SalVentAttn_FrOperIns_1,SalVentAttn
LH_SalVentAttn_FrOperIns_2,SalVentAttn
LH_SalVentAttn_FrOperIns_3,SalVentAttn
LH_SalVentAttn_FrOperIns_4,SalVentAttn
LH_SalVentAttn_FrOperIns_5,SalVentAttn
LH_SalVentAttn_FrOperIns_6,SalVentAttn
LH_SalVentAttn_FrOperIns_7,SalVentAttn
LH_SalVentAttn_FrOperIns_8,SalVentAttn
LH_SalVentAttn_FrOperIns_9,SalVentAttn
LH_SalVentAttn_PFCl_1,SalVentAttn
LH_SalVentAttn_Med_1,SalVentAttn
LH_SalVentAttn_Med_2,SalVentAttn
LH_SalVentAttn_Med_3,SalVentAttn
LH_SalVentAttn_Med_4,SalVentAttn
LH_SalVentAttn_Med_5,SalVentAttn
LH_SalVentAttn_Med_6,SalVentAttn
LH_SalVentAttn_Med_7,SalVentAttn
LH_Limbic_OFC_1,Limbic
LH_Limbic_OFC_2,Limbic
LH_Limbic_OFC_3,Limbic
LH_Limbic_OFC_4,Limbic
LH_Limbic_OFC_5,Limbic
LH_Limbic_TempPole_1,Limbic
LH_Limbic_TempPole_2,Limbic
LH_Limbic_TempPole_3,Limbic
LH_Limbic_TempPole_4,Limbic
LH_Limbic_TempPole_5,Limbic
LH_Limbic_TempPole_6,Limbic
LH_Limbic_TempPole_7,Limbic
LH_Limbic_TempPole_8,Limbic
LH_Cont_Par_1,Cont
LH_Cont_Par_2,Cont
LH_Cont_Par_3,Cont
LH_Cont_Par_4,Cont
LH_Cont_Par_5,Cont
LH_Cont_Par_6,Cont
LH_Cont_Temp_1,Cont
LH_Cont_OFC_1,Cont
LH_Cont_PFCl_1,Cont
LH_Cont_PFCl_2,Cont
LH_Cont_PFCl_3,Cont
LH_Cont_PFCl_4,Cont
LH_Cont_PFCl_5,Cont
LH_Cont_PFCl_6,Cont
LH_Cont_PFCl_7,Cont
LH_Cont_PFCl_8,Cont
LH_Cont_PFCv_1,Cont
LH_Cont_pCun_1,Cont
LH_Cont_pCun_2,Cont
LH_Cont_Cing_1,Cont
LH_Cont_Cing_2,Cont
LH_Cont_PFCmp_1,Cont
LH_Default_Temp_1,Default
LH_Default_Temp_2,Default
LH_Default_Temp_3,Default
LH_Default_Temp_4,Default
LH_Default_Temp_5,Default
LH_Default_Temp_6,Default
LH_Default_Temp_7,Default
LH_Default_Temp_8,Default
LH_Default_Temp_9,Default
LH_Default_Temp_10,Default
LH_Default_Par_1,Default
LH_Default_Par_2,Default
LH_Default_Par_3,Default
LH_Default_Par_4,Default
LH_Default_Par_5,Default
LH_Default_Par_6,Default
LH_Default_Par_7,Default
LH_Default_PFC_1,Default
LH_Default_PFC_2,Default
LH_Default_PFC_3,Default
LH_Default_PFC_4,Default
LH_Default_PFC_5,Default
LH_Default_PFC_6,Default
LH_Default_PFC_7,Default
LH_Default_PFC_8,Default
LH_Default_PFC_9,Default
LH_Default_PFC_10,Default
LH_Default_PFC_11,Default
LH_Default_PFC_12,Default
LH_Default_PFC_13,Default
LH_Default_PFC_14,Default
LH_Default_PFC_15,Default
LH_Default_PFC_16,Default
LH_Default_PFC_17,Default
LH_Default_PFC_18,Default
LH_Default_PFC_19,Default
LH_Default_PFC_20,Default
LH_Default_PFC_21,Default
LH_Default_PFC_22,Default
LH_Default_PFC_23,Default
LH_Default_PFC_24,Default
LH_Default_pCunPCC_1,Default
LH_Default_pCunPCC_2,Default
LH_Default_pCunPCC_3,Default
LH_Default_pCunPCC_4,Default
LH_Default_pCunPCC_5,Default
LH_Default_pCunPCC_6,Default
LH_Default_pCunPCC_7,Default
LH_Default_pCunPCC_8,Default
LH_Default_pCunPCC_9,Default
LH_Default_pCunPCC_10,Default
LH_Default_pCunPCC_11,Default
RH_Vis_1,Vis
RH_Vis_2,Vis
RH_Vis_3,Vis
RH_Vis_4,Vis
RH_Vis_5,Vis
RH_Vis_6,Vis
RH_Vis_7,Vis
RH_Vis_8,Vis
RH_Vis_9,Vis
RH_Vis_10,Vis
RH_Vis_11,Vis
RH_Vis_12,Vis
RH_Vis_13,Vis
RH_Vis_14,Vis
RH_Vis_15,Vis
RH_Vis_16,Vis
RH_Vis_17,Vis
RH_Vis_18,Vis
RH_Vis_19,Vis
RH_Vis_20,Vis
RH_Vis_21,Vis
RH_Vis_22,Vis
RH_Vis_23,Vis
RH_Vis_24,Vis
RH_Vis_25,Vis
RH_Vis_26,Vis
RH_Vis_27,Vis
RH_Vis_28,Vis
RH_Vis_29,Vis
RH_Vis_30,Vis
RH_SomMot_1,SomMot
RH_SomMot_2,SomMot
RH_SomMot_3,SomMot
RH_SomMot_4,SomMot
RH_SomMot_5,SomMot
RH_SomMot_6,SomMot
RH_SomMot_7,SomMot
RH_SomMot_8,SomMot
RH_SomMot_9,SomMot
RH_SomMot_10,SomMot
RH_SomMot_11,SomMot
RH_SomMot_12,SomMot
RH_SomMot_13,SomMot
RH_SomMot_14,SomMot
RH_SomMot_15,SomMot
RH_SomMot_16,SomMot
RH_SomMot_17,SomMot
RH_SomMot_18,SomMot
RH_SomMot_19,SomMot
RH_SomMot_20,SomMot
RH_SomMot_21,SomMot
RH_SomMot_22,SomMot
RH_SomMot_23,SomMot
RH_SomMot_24,SomMot
RH_SomMot_25,SomMot
RH_SomMot_26,SomMot
RH_SomMot_27,SomMot
RH_SomMot_28,SomMot
RH_SomMot_29,SomMot
RH_SomMot_30,SomMot
RH_SomMot_31,SomMot
RH_SomMot_32,SomMot
RH_SomMot_33,SomMot
RH_SomMot_34,SomMot
RH_SomMot_35,SomMot
RH_SomMot_36,SomMot
RH_SomMot_37,SomMot
RH_SomMot_38,SomMot
RH_SomMot_39,SomMot
RH_SomMot_40,SomMot
RH_DorsAttn_Post_1,DorsAttn
RH_DorsAttn_Post_2,DorsAttn
RH_DorsAttn_Post_3,DorsAttn
RH_DorsAttn_Post_4,DorsAttn
RH_DorsAttn_Post_5,DorsAttn
RH_DorsAttn_Post_6,DorsAttn
RH_DorsAttn_Post_7,DorsAttn
RH_DorsAttn_Post_8,DorsAttn
RH_DorsAttn_Post_9,DorsAttn
RH_DorsAttn_Post_10,DorsAttn
RH_DorsAttn_Post_11,DorsAttn
RH_DorsAttn_Post_12,DorsAttn
RH_DorsAttn_Post_13,DorsAttn
RH_DorsAttn_Post_14,DorsAttn
RH_DorsAttn_Post_15,DorsAttn
RH_DorsAttn_Post_16,DorsAttn
RH_DorsAttn_Post_17,DorsAttn
RH_DorsAttn_Post_18,DorsAttn
RH_DorsAttn_Post_19,DorsAttn
RH_DorsAttn_FEF_1,DorsAttn
RH_DorsAttn_FEF_2,DorsAttn
RH_DorsAttn_FEF_3,DorsAttn
RH_DorsAttn_PrCv_1,DorsAttn
RH_SalVentAttn_TempOccPar_1,SalVentAttn
RH_SalVentAttn_TempOccPar_2,SalVentAttn
RH_SalVentAttn_TempOccPar_3,SalVentAttn
RH_SalVentAttn_TempOccPar_4,SalVentAttn
RH_SalVentAttn_TempOccPar_5,SalVentAttn
RH_SalVentAttn_TempOccPar_6,SalVentAttn
RH_SalVentAttn_TempOccPar_7,SalVentAttn
RH_SalVentAttn_PrC_1,SalVentAttn
RH_SalVentAttn_FrOperIns_1,SalVentAttn
RH_SalVentAttn_FrOperIns_2,SalVentAttn
RH_SalVentAttn_FrOperIns_3,SalVentAttn
RH_SalVentAttn_FrOperIns_4,SalVentAttn
RH_SalVentAttn_FrOperIns_5,SalVentAttn
RH_SalVentAttn_FrOperIns_6,SalVentAttn
RH_SalVentAttn_FrOperIns_7,SalVentAttn
RH_SalVentAttn_FrOperIns_8,SalVentAttn
RH_SalVentAttn_PFCl_1,SalVentAttn
RH_SalVentAttn_Med_1,SalVentAttn
RH_SalVentAttn_Med_2,SalVentAttn
RH_SalVentAttn_Med_3,SalVentAttn
RH_SalVentAttn_Med_4,SalVentAttn
RH_SalVentAttn_Med_5,SalVentAttn
RH_SalVentAttn_Med_6,SalVentAttn
RH_SalVentAttn_Med_7,SalVentAttn
RH_SalVentAttn_Med_8,SalVentAttn
RH_Limbic_OFC_1,Limbic
RH_Limbic_OFC_2,Limbic
RH_Limbic_OFC_3,Limbic
RH_Limbic_OFC_4,Limbic
RH_Limbic_OFC_5,Limbic
RH_Limbic_OFC_6,Limbic
RH_Limbic_TempPole_1,Limbic
RH_Limbic_TempPole_2,Limbic
RH_Limbic_TempPole_3,Limbic
RH_Limbic_TempPole_4,Limbic
RH_Limbic_TempPole_5,Limbic
RH_Limbic_TempPole_6,Limbic
RH_Limbic_TempPole_7,Limbic
RH_Cont_Par_1,Cont
RH_Cont_Par_2,Cont
RH_Cont_Par_3,Cont
RH_Cont_Par_4,Cont
RH_Cont_Par_5,Cont
RH_Cont_Par_6,Cont
RH_Cont_Temp_1,Cont
RH_Cont_Temp_2,Cont
RH_Cont_PFCv_1,Cont
RH_Cont_PFCl_1,Cont
RH_Cont_PFCl_2,Cont
RH_Cont_PFCl_3,Cont
RH_Cont_PFCl_4,Cont
RH_Cont_PFCl_5,Cont
RH_Cont_PFCl_6,Cont
RH_Cont_PFCl_7,Cont
RH_Cont_PFCl_8,Cont
RH_Cont_PFCl_9,Cont
RH_Cont_PFCl_10,Cont
RH_Cont_PFCl_11,Cont
RH_Cont_PFCl_12,Cont
RH_Cont_PFCl_13,Cont
RH_Cont_PFCl_14,Cont
RH_Cont_PFCl_15,Cont
RH_Cont_pCun_1,Cont
RH_Cont_pCun_2,Cont
RH_Cont_Cing_1,Cont
RH_Cont_Cing_2,Cont
RH_Cont_PFCmp_1,Cont
RH_Cont_PFCmp_2,Cont
RH_Default_Par_1,Default
RH_Default_Par_2,Default
RH_Default_Par_3,Default
RH_Default_Par_4,Default
RH_Default_Par_5,Default
RH_Default_Temp_1,Default
RH_Default_Temp_2,Default
RH_Default_Temp_3,Default
RH_Default_Temp_4,Default
RH_Default_Temp_5,Default
RH_Default_Temp_6,Default
RH_Default_Temp_7,Default
RH_Default_Temp_8,Default
RH_Default_PFCv_1,Default
RH_Default_PFCv_2,Default
RH_Default_PFCv_3,Default
RH_Default_PFCv_4,Default
RH_Default_PFCdPFCm_1,Default
RH_Default_PFCdPFCm_2,Default
RH_Default_PFCdPFCm_3,Default
RH_Default_PFCdPFCm_4,Default
RH_Default_PFCdPFCm_5,Default
RH_Default_PFCdPFCm_6,Default
RH_Default_PFCdPFCm_7,Default
RH_Default_PFCdPFCm_8,Default
RH_Default_PFCdPFCm_9,Default
RH_Default_PFCdPFCm_10,Default
RH_Default_PFCdPFCm_11,Default
RH_Default_PFCdPFCm_12,Default
RH_Default_PFCdPFCm_13,Default
RH_Default_pCunPCC_1,Default
RH_Default_pCunPCC_2,Default
RH_Default_pCunPCC_3,Default
RH_Default_pCunPCC_4,Default
RH_Default_pCunPCC_5,Default
RH_Default_pCunPCC_6,Default
RH_Default_pCunPCC_7,Default
RH_Default_pCunPCC_8,Default
RH_Default_pCunPCC_9,Default
